Feature,Score,P-value
Tenure Months,997.2680104991312,7.99905796063559e-205
Internet Service_Fiber optic,738.0460424544476,1.2007837916257311e-154
Contract_Two year,707.9192540580779,1.0481341179218971e-148
Payment Method_Electronic check,706.1950282817295,2.2968899851052175e-148
Dependents,463.58235422538945,1.2343649859715789e-99
Device Protection_No internet service,385.6985884848515,1.2005035459925741e-83
Streaming Movies_No internet service,385.6985884848515,1.2005035459925741e-83
Internet Service_No,385.6985884848515,1.2005035459925741e-83
Streaming TV_No internet service,385.6985884848515,1.2005035459925741e-83
Tech Support_No internet service,385.6985884848515,1.2005035459925741e-83
Online Security_No internet service,385.6985884848515,1.2005035459925741e-83
Online Backup_No internet service,385.6985884848515,1.2005035459925741e-83
Tenure_Group_5-6yr,377.2194556308737,6.768818955771526e-82
Total Charges,288.2789610222117,2.1272116132403844e-63
Monthly Charges,273.4637042077136,2.7066456068878257e-60
Avg_Monthly_Charge,273.2999335234484,2.9294686743049694e-60
Paperless Billing,268.9852180928086,2.356554320585064e-59
Contract_One year,229.90574088120178,3.986595493852669e-51
Online Security_Yes,212.66619940319887,1.7632588168537773e-47
Tech Support_Yes,196.25540507248175,5.322253267504916e-44
Senior Citizen,164.04142445614104,3.839860055774652e-37
Partner,163.06003598398877,6.220731129641078e-37
Payment Method_Credit card (automatic),129.33097463289684,1.0415433633620134e-29
CLTV,116.28325229236671,6.679131381699108e-27
Tenure_Group_4-5yr,71.7209302912265,2.986961270614639e-17
Payment Method_Mailed check,59.68654545516675,1.266730548546129e-14
Online Backup_Yes,47.96295545820452,4.727291732054918e-12
Device Protection_Yes,30.954780439130214,2.7381602498191357e-08
Streaming TV_Yes,28.261123665052395,1.0926020701636036e-07
Streaming Movies_Yes,26.628665202834036,2.532995278909525e-07
Tenure_Group_3-4yr,24.787247152443943,6.554156224083649e-07
Tenure_Group_2-3yr,11.646784881818567,0.0006467585388055123
Multiple Lines_Yes,11.341439011576513,0.000762029131511252
City_Wrightwood,11.093899709901526,0.0008705783274637883
City_Fort Jones,11.093899709901526,0.0008705783274637883
City_Maricopa,11.093899709901526,0.0008705783274637883
City_Johannesburg,11.093899709901526,0.0008705783274637883
City_Truckee,11.093899709901526,0.0008705783274637883
City_South Lake Tahoe,11.093899709901526,0.0008705783274637883
City_Smith River,11.093899709901526,0.0008705783274637883
City_Twain,11.093899709901526,0.0008705783274637883
City_Boulder Creek,11.093899709901526,0.0008705783274637883
City_Eldridge,11.093899709901526,0.0008705783274637883
City_Riverbank,11.093899709901526,0.0008705783274637883
City_Tipton,11.093899709901526,0.0008705783274637883
City_La Puente,9.714306659079025,0.001835752008758617
City_Bakersfield,7.484239544151515,0.006239730505746888
City_San Dimas,7.341658856756003,0.006753772120704113
City_Indian Wells,7.341658856756003,0.006753772120704113
City_Panorama City,7.341658856756003,0.006753772120704113
City_Seeley,7.341658856756003,0.006753772120704113
City_Apple Valley,5.7551718829763985,0.016466028122522697
City_El Monte,5.7551718829763985,0.016466028122522697
City_Daly City,5.315936519243031,0.021160154426351236
City_Lompoc,5.315936519243031,0.021160154426351236
City_Amador City,4.823710896024772,0.028103338592613675
City_Lewiston,4.823710896024772,0.028103338592613675
City_Ludlow,4.823710896024772,0.028103338592613675
City_Montague,4.823710896024772,0.028103338592613675
City_Miranda,4.823710896024772,0.028103338592613675
City_Marina,4.823710896024772,0.028103338592613675
City_Keene,4.823710896024772,0.028103338592613675
City_Jackson,4.823710896024772,0.028103338592613675
City_Pearblossom,4.823710896024772,0.028103338592613675
City_Orangevale,4.823710896024772,0.028103338592613675
City_Paskenta,4.823710896024772,0.028103338592613675
City_Old Station,4.823710896024772,0.028103338592613675
City_Lake City,4.823710896024772,0.028103338592613675
City_Hayfork,4.823710896024772,0.028103338592613675
City_Wheatland,4.823710896024772,0.028103338592613675
City_Sausalito,4.823710896024772,0.028103338592613675
City_Corona Del Mar,4.823710896024772,0.028103338592613675
City_Fellows,4.823710896024772,0.028103338592613675
City_Pope Valley,4.823710896024772,0.028103338592613675
City_Grimes,4.823710896024772,0.028103338592613675
City_Grizzly Flats,4.823710896024772,0.028103338592613675
City_Avenal,4.823710896024772,0.028103338592613675
City_Piru,4.823710896024772,0.028103338592613675
City_Quincy,4.823710896024772,0.028103338592613675
City_Rio Dell,4.823710896024772,0.028103338592613675
City_Exeter,4.823710896024772,0.028103338592613675
City_Running Springs,4.823710896024772,0.028103338592613675
City_Delhi,4.823710896024772,0.028103338592613675
City_Comptche,4.823710896024772,0.028103338592613675
City_Sierra City,4.823710896024772,0.028103338592613675
City_South Dos Palos,4.823710896024772,0.028103338592613675
City_Alpaugh,4.823710896024772,0.028103338592613675
City_Byron,4.823710896024772,0.028103338592613675
City_Bodfish,4.823710896024772,0.028103338592613675
City_Dinuba,4.823710896024772,0.028103338592613675
City_Summerland,4.823710896024772,0.028103338592613675
City_Bridgeville,4.823710896024772,0.028103338592613675
City_Biola,4.823710896024772,0.028103338592613675
City_Templeton,4.823710896024772,0.028103338592613675
City_Santa Rosa,4.6013353157002745,0.03198117286433222
City_Santa Maria,4.34359378595524,0.0371843949661511
City_Modesto,3.841756625772487,0.05003050359209593
City_San Diego,3.632218364175447,0.056711913926073616
City_Upland,3.618259605457808,0.057189393572305694
City_North Hollywood,3.5078642939447575,0.061119546332821476
City_Novato,3.3951195092624586,0.06543164040034338
City_Temecula,3.3951195092624586,0.06543164040034338
City_Beverly Hills,3.0448858253520523,0.0810354372827517
City_Gardena,3.0448858253520523,0.0810354372827517
Tenure_Group_1-2yr,2.9051464749768283,0.08834135029852257
City_San Clemente,2.8934870464706344,0.08898239289528619
City_Rocklin,2.8934870464706344,0.08898239289528619
City_Alameda,2.8934870464706344,0.08898239289528619
City_Manteca,2.8934870464706344,0.08898239289528619
City_Petaluma,2.8934870464706344,0.08898239289528619
City_Pauma Valley,2.8743660616180517,0.09004462347493503
City_Palomar Mountain,2.8743660616180517,0.09004462347493503
City_Guatay,2.8743660616180517,0.09004462347493503
City_Holtville,2.8743660616180517,0.09004462347493503
City_Marina Del Rey,2.8743660616180517,0.09004462347493503
City_La Palma,2.8743660616180517,0.09004462347493503
City_Mount Laguna,2.8743660616180517,0.09004462347493503
City_Tujunga,2.8743660616180517,0.09004462347493503
City_South Pasadena,2.8743660616180517,0.09004462347493503
City_Alpine,2.8743660616180517,0.09004462347493503
City_Huntington Park,2.8743660616180517,0.09004462347493503
City_Hermosa Beach,2.8743660616180517,0.09004462347493503
City_Rowland Heights,2.8743660616180517,0.09004462347493503
City_Rosemead,2.8743660616180517,0.09004462347493503
City_North Palm Springs,2.8743660616180517,0.09004462347493503
City_Del Mar,2.8743660616180517,0.09004462347493503
City_Jacumba,2.8743660616180517,0.09004462347493503
City_Campo,2.8743660616180517,0.09004462347493503
City_Corona,2.813893299044,0.09349571244450948
City_Fremont,2.4374074216102692,0.11851682911896222
City_San Rafael,2.261762113497323,0.1326479524939018
City_Elk Grove,2.261762113497323,0.1326479524939018
City_Brea,2.261762113497323,0.1326479524939018
City_Davis,2.261762113497323,0.1326479524939018
City_Redlands,2.261762113497323,0.1326479524939018
City_Camarillo,2.261762113497323,0.1326479524939018
City_San Leandro,2.0432489606756943,0.152927172762434
City_Palos Verdes Peninsula,1.807379822265827,0.17886617475146527
City_Baldwin Park,1.807379822265827,0.17886617475146527
City_Calabasas,1.807379822265827,0.17886617475146527
City_Warner Springs,1.807379822265827,0.17886617475146527
City_Pine Valley,1.807379822265827,0.17886617475146527
City_Pioneertown,1.807379822265827,0.17886617475146527
City_Palo Verde,1.807379822265827,0.17886617475146527
City_Oak Park,1.807379822265827,0.17886617475146527
City_Mecca,1.807379822265827,0.17886617475146527
City_West Hills,1.807379822265827,0.17886617475146527
City_Bell,1.807379822265827,0.17886617475146527
City_Studio City,1.807379822265827,0.17886617475146527
City_Surfside,1.807379822265827,0.17886617475146527
City_Salton City,1.807379822265827,0.17886617475146527
City_Norwalk,1.807379822265827,0.17886617475146527
City_Temple City,1.807379822265827,0.17886617475146527
City_Tecate,1.807379822265827,0.17886617475146527
City_Cathedral City,1.807379822265827,0.17886617475146527
City_Rancho Palos Verdes,1.807379822265827,0.17886617475146527
City_Playa Del Rey,1.807379822265827,0.17886617475146527
City_Potrero,1.807379822265827,0.17886617475146527
City_Wilmington,1.807379822265827,0.17886617475146527
City_Maywood,1.807379822265827,0.17886617475146527
City_Newbury Park,1.807379822265827,0.17886617475146527
City_Diamond Bar,1.807379822265827,0.17886617475146527
City_Cypress,1.807379822265827,0.17886617475146527
City_Artesia,1.807379822265827,0.17886617475146527
City_Morongo Valley,1.807379822265827,0.17886617475146527
City_Descanso,1.807379822265827,0.17886617475146527
City_Lemon Grove,1.807379822265827,0.17886617475146527
City_National City,1.807379822265827,0.17886617475146527
City_Mt Baldy,1.807379822265827,0.17886617475146527
City_Chino Hills,1.807379822265827,0.17886617475146527
City_La Crescenta,1.807379822265827,0.17886617475146527
City_Earp,1.807379822265827,0.17886617475146527
City_Santa Ysabel,1.807379822265827,0.17886617475146527
City_La Verne,1.807379822265827,0.17886617475146527
City_South Gate,1.807379822265827,0.17886617475146527
City_La Mirada,1.807379822265827,0.17886617475146527
City_Manhattan Beach,1.807379822265827,0.17886617475146527
City_Yucca Valley,1.807379822265827,0.17886617475146527
City_Fullerton,1.62073414380091,0.20303148313879116
City_Whittier,1.5055208175968147,0.2198648693501595
City_Aliso Viejo,1.4456241858865857,0.2292718215289355
City_Albion,1.4456241858865857,0.2292718215289355
City_Bridgeport,1.4456241858865857,0.2292718215289355
City_Brentwood,1.4456241858865857,0.2292718215289355
City_Alamo,1.4456241858865857,0.2292718215289355
City_Boonville,1.4456241858865857,0.2292718215289355
City_Acton,1.4456241858865857,0.2292718215289355
City_Alleghany,1.4456241858865857,0.2292718215289355
City_Los Banos,1.4456241858865857,0.2292718215289355
City_Penngrove,1.4456241858865857,0.2292718215289355
City_Phillipsville,1.4456241858865857,0.2292718215289355
City_Macdoel,1.4456241858865857,0.2292718215289355
City_Mad River,1.4456241858865857,0.2292718215289355
City_Madeline,1.4456241858865857,0.2292718215289355
City_Mammoth Lakes,1.4456241858865857,0.2292718215289355
City_Manchester,1.4456241858865857,0.2292718215289355
City_Manton,1.4456241858865857,0.2292718215289355
City_Auberry,1.4456241858865857,0.2292718215289355
City_Alta,1.4456241858865857,0.2292718215289355
City_Tulelake,1.4456241858865857,0.2292718215289355
City_Soledad,1.4456241858865857,0.2292718215289355
City_Somerset,1.4456241858865857,0.2292718215289355
City_Yountville,1.4456241858865857,0.2292718215289355
City_Yreka,1.4456241858865857,0.2292718215289355
City_Cazadero,1.4456241858865857,0.2292718215289355
City_Cedarville,1.4456241858865857,0.2292718215289355
City_Ceres,1.4456241858865857,0.2292718215289355
City_Chester,1.4456241858865857,0.2292718215289355
City_Little River,1.4456241858865857,0.2292718215289355
City_Littlerock,1.4456241858865857,0.2292718215289355
City_Mokelumne Hill,1.4456241858865857,0.2292718215289355
City_Montara,1.4456241858865857,0.2292718215289355
City_Monte Rio,1.4456241858865857,0.2292718215289355
City_Lake Isabella,1.4456241858865857,0.2292718215289355
City_Lakeshore,1.4456241858865857,0.2292718215289355
City_Lamont,1.4456241858865857,0.2292718215289355
City_Laton,1.4456241858865857,0.2292718215289355
City_Le Grand,1.4456241858865857,0.2292718215289355
City_Copperopolis,1.4456241858865857,0.2292718215289355
City_Shingle Springs,1.4456241858865857,0.2292718215289355
City_Smartville,1.4456241858865857,0.2292718215289355
City_Clio,1.4456241858865857,0.2292718215289355
City_Laguna Hills,1.4456241858865857,0.2292718215289355
City_Laguna Niguel,1.4456241858865857,0.2292718215289355
City_Lagunitas,1.4456241858865857,0.2292718215289355
City_Lake Arrowhead,1.4456241858865857,0.2292718215289355
City_Monterey,1.4456241858865857,0.2292718215289355
City_Montgomery Creek,1.4456241858865857,0.2292718215289355
City_Creston,1.4456241858865857,0.2292718215289355
City_Scotia,1.4456241858865857,0.2292718215289355
City_Scott Bar,1.4456241858865857,0.2292718215289355
City_Scotts Valley,1.4456241858865857,0.2292718215289355
City_Sebastopol,1.4456241858865857,0.2292718215289355
City_Shandon,1.4456241858865857,0.2292718215289355
City_Sonora,1.4456241858865857,0.2292718215289355
City_Soquel,1.4456241858865857,0.2292718215289355
City_Arcata,1.4456241858865857,0.2292718215289355
City_Arroyo Grande,1.4456241858865857,0.2292718215289355
City_Arvin,1.4456241858865857,0.2292718215289355
City_Atascadero,1.4456241858865857,0.2292718215289355
City_Moss Beach,1.4456241858865857,0.2292718215289355
City_Darwin,1.4456241858865857,0.2292718215289355
City_Death Valley,1.4456241858865857,0.2292718215289355
City_Del Rey,1.4456241858865857,0.2292718215289355
City_Coulterville,1.4456241858865857,0.2292718215289355
City_Courtland,1.4456241858865857,0.2292718215289355
City_Cressey,1.4456241858865857,0.2292718215289355
City_Mount Hamilton,1.4456241858865857,0.2292718215289355
City_Mount Hermon,1.4456241858865857,0.2292718215289355
City_Mount Shasta,1.4456241858865857,0.2292718215289355
City_Mountain Center,1.4456241858865857,0.2292718215289355
City_Leggett,1.4456241858865857,0.2292718215289355
City_Lincoln,1.4456241858865857,0.2292718215289355
City_Litchfield,1.4456241858865857,0.2292718215289355
City_Chilcoot,1.4456241858865857,0.2292718215289355
City_Chowchilla,1.4456241858865857,0.2292718215289355
City_Spreckels,1.4456241858865857,0.2292718215289355
City_Springville,1.4456241858865857,0.2292718215289355
City_Standish,1.4456241858865857,0.2292718215289355
City_Stanford,1.4456241858865857,0.2292718215289355
City_Stirling City,1.4456241858865857,0.2292718215289355
City_Stonyford,1.4456241858865857,0.2292718215289355
City_Caruthers,1.4456241858865857,0.2292718215289355
City_Coarsegold,1.4456241858865857,0.2292718215289355
City_Coleville,1.4456241858865857,0.2292718215289355
City_Needles,1.4456241858865857,0.2292718215289355
City_Newark,1.4456241858865857,0.2292718215289355
City_Kneeland,1.4456241858865857,0.2292718215289355
City_La Honda,1.4456241858865857,0.2292718215289355
City_Durham,1.4456241858865857,0.2292718215289355
City_Santa Margarita,1.4456241858865857,0.2292718215289355
City_Santa Ynez,1.4456241858865857,0.2292718215289355
City_Saratoga,1.4456241858865857,0.2292718215289355
City_Dillon Beach,1.4456241858865857,0.2292718215289355
City_Dos Palos,1.4456241858865857,0.2292718215289355
City_Dos Rios,1.4456241858865857,0.2292718215289355
City_Bodega,1.4456241858865857,0.2292718215289355
City_Weed,1.4456241858865857,0.2292718215289355
City_Weldon,1.4456241858865857,0.2292718215289355
City_Weott,1.4456241858865857,0.2292718215289355
City_Westminster,1.4456241858865857,0.2292718215289355
City_Belvedere Tiburon,1.4456241858865857,0.2292718215289355
City_Benicia,1.4456241858865857,0.2292718215289355
City_Berry Creek,1.4456241858865857,0.2292718215289355
City_Bethel Island,1.4456241858865857,0.2292718215289355
City_Big Bar,1.4456241858865857,0.2292718215289355
City_San Carlos,1.4456241858865857,0.2292718215289355
City_San Geronimo,1.4456241858865857,0.2292718215289355
City_San Gregorio,1.4456241858865857,0.2292718215289355
City_San Juan Capistrano,1.4456241858865857,0.2292718215289355
City_San Miguel,1.4456241858865857,0.2292718215289355
City_San Quentin,1.4456241858865857,0.2292718215289355
City_San Simeon,1.4456241858865857,0.2292718215289355
City_Duncans Mills,1.4456241858865857,0.2292718215289355
City_Nipton,1.4456241858865857,0.2292718215289355
City_North Highlands,1.4456241858865857,0.2292718215289355
City_Junction City,1.4456241858865857,0.2292718215289355
City_June Lake,1.4456241858865857,0.2292718215289355
City_Wishon,1.4456241858865857,0.2292718215289355
City_Woodlake,1.4456241858865857,0.2292718215289355
City_Kelseyville,1.4456241858865857,0.2292718215289355
City_Keeler,1.4456241858865857,0.2292718215289355
City_Cayucos,1.4456241858865857,0.2292718215289355
City_Suisun City,1.4456241858865857,0.2292718215289355
City_Lookout,1.4456241858865857,0.2292718215289355
City_Menifee,1.4456241858865857,0.2292718215289355
City_Sultana,1.4456241858865857,0.2292718215289355
City_Tehama,1.4456241858865857,0.2292718215289355
City_Middletown,1.4456241858865857,0.2292718215289355
City_Midpines,1.4456241858865857,0.2292718215289355
City_Milford,1.4456241858865857,0.2292718215289355
City_Millville,1.4456241858865857,0.2292718215289355
City_Kenwood,1.4456241858865857,0.2292718215289355
City_Kettleman City,1.4456241858865857,0.2292718215289355
City_Menlo Park,1.4456241858865857,0.2292718215289355
City_Meridian,1.4456241858865857,0.2292718215289355
City_O Neals,1.4456241858865857,0.2292718215289355
City_Farmington,1.4456241858865857,0.2292718215289355
City_San Andreas,1.4456241858865857,0.2292718215289355
City_San Ardo,1.4456241858865857,0.2292718215289355
City_El Cerrito,1.4456241858865857,0.2292718215289355
City_El Dorado Hills,1.4456241858865857,0.2292718215289355
City_El Nido,1.4456241858865857,0.2292718215289355
City_El Portal,1.4456241858865857,0.2292718215289355
City_Fiddletown,1.4456241858865857,0.2292718215289355
City_Fillmore,1.4456241858865857,0.2292718215289355
City_Firebaugh,1.4456241858865857,0.2292718215289355
City_Fish Camp,1.4456241858865857,0.2292718215289355
City_Forest Falls,1.4456241858865857,0.2292718215289355
City_Escalon,1.4456241858865857,0.2292718215289355
City_Keyes,1.4456241858865857,0.2292718215289355
City_North San Juan,1.4456241858865857,0.2292718215289355
City_Fairfax,1.4456241858865857,0.2292718215289355
City_Reedley,1.4456241858865857,0.2292718215289355
City_Foresthill,1.4456241858865857,0.2292718215289355
City_Forestville,1.4456241858865857,0.2292718215289355
City_Forks Of Salmon,1.4456241858865857,0.2292718215289355
City_Fort Bragg,1.4456241858865857,0.2292718215289355
City_Fort Irwin,1.4456241858865857,0.2292718215289355
City_Fortuna,1.4456241858865857,0.2292718215289355
City_Fountain Valley,1.4456241858865857,0.2292718215289355
City_Richvale,1.4456241858865857,0.2292718215289355
City_Ripon,1.4456241858865857,0.2292718215289355
City_River Pines,1.4456241858865857,0.2292718215289355
City_Occidental,1.4456241858865857,0.2292718215289355
City_Ione,1.4456241858865857,0.2292718215289355
City_Janesville,1.4456241858865857,0.2292718215289355
City_Olympic Valley,1.4456241858865857,0.2292718215289355
City_Orange Cove,1.4456241858865857,0.2292718215289355
City_Washington,1.4456241858865857,0.2292718215289355
City_Big Bear Lake,1.4456241858865857,0.2292718215289355
City_Biggs,1.4456241858865857,0.2292718215289355
City_Bishop,1.4456241858865857,0.2292718215289355
City_Blocksburg,1.4456241858865857,0.2292718215289355
City_Markleeville,1.4456241858865857,0.2292718215289355
City_Marysville,1.4456241858865857,0.2292718215289355
City_Mc Farland,1.4456241858865857,0.2292718215289355
City_Mccloud,1.4456241858865857,0.2292718215289355
City_Llano,1.4456241858865857,0.2292718215289355
City_Loma Linda,1.4456241858865857,0.2292718215289355
City_Castroville,1.4456241858865857,0.2292718215289355
City_Oregon House,1.4456241858865857,0.2292718215289355
City_Esparto,1.4456241858865857,0.2292718215289355
City_Essex,1.4456241858865857,0.2292718215289355
City_Orleans,1.4456241858865857,0.2292718215289355
City_Orick,1.4456241858865857,0.2292718215289355
City_French Gulch,1.4456241858865857,0.2292718215289355
City_Raisin City,1.4456241858865857,0.2292718215289355
City_Georgetown,1.4456241858865857,0.2292718215289355
City_Gerber,1.4456241858865857,0.2292718215289355
City_Geyserville,1.4456241858865857,0.2292718215289355
City_Gazelle,1.4456241858865857,0.2292718215289355
City_Redcrest,1.4456241858865857,0.2292718215289355
City_Glenhaven,1.4456241858865857,0.2292718215289355
City_Glenn,1.4456241858865857,0.2292718215289355
City_Glennville,1.4456241858865857,0.2292718215289355
City_Gold Run,1.4456241858865857,0.2292718215289355
City_Goleta,1.4456241858865857,0.2292718215289355
City_Gonzales,1.4456241858865857,0.2292718215289355
City_Raymond,1.4456241858865857,0.2292718215289355
City_Goodyears Bar,1.4456241858865857,0.2292718215289355
City_Grand Terrace,1.4456241858865857,0.2292718215289355
City_Pacifica,1.4456241858865857,0.2292718215289355
City_Potter Valley,1.4456241858865857,0.2292718215289355
City_Hornitos,1.4456241858865857,0.2292718215289355
City_Hyampom,1.4456241858865857,0.2292718215289355
City_Helendale,1.4456241858865857,0.2292718215289355
City_Paicines,1.4456241858865857,0.2292718215289355
City_Hercules,1.4456241858865857,0.2292718215289355
City_Herlong,1.4456241858865857,0.2292718215289355
City_Hesperia,1.4456241858865857,0.2292718215289355
City_Wildomar,1.4456241858865857,0.2292718215289355
City_Willits,1.4456241858865857,0.2292718215289355
City_Willow Creek,1.4456241858865857,0.2292718215289355
City_Wilseyville,1.4456241858865857,0.2292718215289355
City_Winchester,1.4456241858865857,0.2292718215289355
City_Windsor,1.4456241858865857,0.2292718215289355
City_Avila Beach,1.4456241858865857,0.2292718215289355
City_Pixley,1.4456241858865857,0.2292718215289355
City_Placerville,1.4456241858865857,0.2292718215289355
City_Hanford,1.4456241858865857,0.2292718215289355
City_Los Olivos,1.4456241858865857,0.2292718215289355
City_Lost Hills,1.4456241858865857,0.2292718215289355
City_Lower Lake,1.4456241858865857,0.2292718215289355
City_Loyalton,1.4456241858865857,0.2292718215289355
City_Capay,1.4456241858865857,0.2292718215289355
City_Carlotta,1.4456241858865857,0.2292718215289355
City_Three Rivers,1.4456241858865857,0.2292718215289355
City_Tracy,1.4456241858865857,0.2292718215289355
City_California City,1.4456241858865857,0.2292718215289355
City_Calpine,1.4456241858865857,0.2292718215289355
City_Cambria,1.4456241858865857,0.2292718215289355
City_Villa Park,1.4456241858865857,0.2292718215289355
City_Volcano,1.4456241858865857,0.2292718215289355
City_Greenville,1.4456241858865857,0.2292718215289355
City_Grenada,1.4456241858865857,0.2292718215289355
City_Grover Beach,1.4456241858865857,0.2292718215289355
City_Pinon Hills,1.4456241858865857,0.2292718215289355
City_Hilmar,1.4456241858865857,0.2292718215289355
City_Paradise,1.4456241858865857,0.2292718215289355
City_Paso Robles,1.4456241858865857,0.2292718215289355
City_Penn Valley,1.4456241858865857,0.2292718215289355
City_Tupman,1.4456241858865857,0.2292718215289355
City_Twain Harte,1.4456241858865857,0.2292718215289355
City_Twin Bridges,1.4456241858865857,0.2292718215289355
City_Brookdale,1.4456241858865857,0.2292718215289355
City_Burson,1.4456241858865857,0.2292718215289355
City_Upper Lake,1.4456241858865857,0.2292718215289355
City_Los Angeles,1.4435720043647349,0.22960259761933072
City_Lancaster,1.4113172421778433,0.23487791778247533
City_Rancho Santa Fe,1.4046650745637284,0.23598404328249434
City_Redondo Beach,1.4046650745637284,0.23598404328249434
City_Arcadia,1.4046650745637284,0.23598404328249434
City_Monterey Park,1.4046650745637284,0.23598404328249434
City_La Mesa,1.4046650745637284,0.23598404328249434
City_Woodland Hills,1.4046650745637284,0.23598404328249434
City_Encino,1.4046650745637284,0.23598404328249434
City_Lakewood,1.3974755413976276,0.23718662557901551
City_Orange,1.3692747032613137,0.24197614431252162
City_Compton,1.3441404629985803,0.24634442206550883
City_Santa Barbara,1.214364257481526,0.27050717775508676
City_Phelan,1.1300568136635887,0.2877996778730856
City_Palo Cedro,1.1300568136635887,0.2877996778730856
City_Homewood,1.1300568136635887,0.2877996778730856
City_Albany,1.1300568136635887,0.2877996778730856
City_Anderson,1.1300568136635887,0.2877996778730856
City_Atwater,1.1300568136635887,0.2877996778730856
City_March Air Reserve Base,1.1300568136635887,0.2877996778730856
City_Burlingame,1.1300568136635887,0.2877996778730856
City_Union City,1.1300568136635887,0.2877996778730856
City_Buttonwillow,1.1300568136635887,0.2877996778730856
City_Burney,1.1300568136635887,0.2877996778730856
City_Vallecito,1.1300568136635887,0.2877996778730856
City_Guinda,1.1300568136635887,0.2877996778730856
City_Happy Camp,1.1300568136635887,0.2877996778730856
City_Hat Creek,1.1300568136635887,0.2877996778730856
City_Hathaway Pines,1.1300568136635887,0.2877996778730856
City_Pismo Beach,1.1300568136635887,0.2877996778730856
City_Williams,1.1300568136635887,0.2877996778730856
City_Whitethorn,1.1300568136635887,0.2877996778730856
City_Westwood,1.1300568136635887,0.2877996778730856
City_Hughson,1.1300568136635887,0.2877996778730856
City_Orosi,1.1300568136635887,0.2877996778730856
City_Glencoe,1.1300568136635887,0.2877996778730856
City_Port Costa,1.1300568136635887,0.2877996778730856
City_Hickman,1.1300568136635887,0.2877996778730856
City_Hydesville,1.1300568136635887,0.2877996778730856
City_Huron,1.1300568136635887,0.2877996778730856
City_Hume,1.1300568136635887,0.2877996778730856
City_Red Bluff,1.1300568136635887,0.2877996778730856
City_Planada,1.1300568136635887,0.2877996778730856
City_Pleasant Grove,1.1300568136635887,0.2877996778730856
City_Plymouth,1.1300568136635887,0.2877996778730856
City_Princeton,1.1300568136635887,0.2877996778730856
City_Onyx,1.1300568136635887,0.2877996778730856
City_Fulton,1.1300568136635887,0.2877996778730856
City_Homeland,1.1300568136635887,0.2877996778730856
City_Pinole,1.1300568136635887,0.2877996778730856
City_Pinecrest,1.1300568136635887,0.2877996778730856
City_Greenwood,1.1300568136635887,0.2877996778730856
City_Green Valley Lake,1.1300568136635887,0.2877996778730856
City_Buellton,1.1300568136635887,0.2877996778730856
City_Trona,1.1300568136635887,0.2877996778730856
City_Trinity Center,1.1300568136635887,0.2877996778730856
City_Angels Camp,1.1300568136635887,0.2877996778730856
City_Foothill Ranch,1.1300568136635887,0.2877996778730856
City_Fair Oaks,1.1300568136635887,0.2877996778730856
City_Ridgecrest,1.1300568136635887,0.2877996778730856
City_Fort Bidwell,1.1300568136635887,0.2877996778730856
City_Oak Run,1.1300568136635887,0.2877996778730856
City_Oakdale,1.1300568136635887,0.2877996778730856
City_Oceano,1.1300568136635887,0.2877996778730856
City_Inyokern,1.1300568136635887,0.2877996778730856
City_Garden Valley,1.1300568136635887,0.2877996778730856
City_Jolon,1.1300568136635887,0.2877996778730856
City_Nice,1.1300568136635887,0.2877996778730856
City_Dunnigan,1.1300568136635887,0.2877996778730856
City_San Anselmo,1.1300568136635887,0.2877996778730856
City_Nipomo,1.1300568136635887,0.2877996778730856
City_Folsom,1.1300568136635887,0.2877996778730856
City_Five Points,1.1300568136635887,0.2877996778730856
City_Elverta,1.1300568136635887,0.2877996778730856
City_Emeryville,1.1300568136635887,0.2877996778730856
City_Weaverville,1.1300568136635887,0.2877996778730856
City_Big Bear City,1.1300568136635887,0.2877996778730856
City_Dobbins,1.1300568136635887,0.2877996778730856
City_Diamond Springs,1.1300568136635887,0.2877996778730856
City_Santa Paula,1.1300568136635887,0.2877996778730856
City_Westley,1.1300568136635887,0.2877996778730856
City_Eagleville,1.1300568136635887,0.2877996778730856
City_Dutch Flat,1.1300568136635887,0.2877996778730856
City_Klamath River,1.1300568136635887,0.2877996778730856
City_Newberry Springs,1.1300568136635887,0.2877996778730856
City_Dublin,1.1300568136635887,0.2877996778730856
City_Saint Helena,1.1300568136635887,0.2877996778730856
City_Rodeo,1.1300568136635887,0.2877996778730856
City_Elmira,1.1300568136635887,0.2877996778730856
City_Deer Park,1.1300568136635887,0.2877996778730856
City_Delano,1.1300568136635887,0.2877996778730856
City_Crescent City,1.1300568136635887,0.2877996778730856
City_Crestline,1.1300568136635887,0.2877996778730856
City_Atherton,1.1300568136635887,0.2877996778730856
City_Douglas City,1.1300568136635887,0.2877996778730856
City_Armona,1.1300568136635887,0.2877996778730856
City_Davenport,1.1300568136635887,0.2877996778730856
City_Woody,1.1300568136635887,0.2877996778730856
City_Winters,1.1300568136635887,0.2877996778730856
City_Bayside,1.1300568136635887,0.2877996778730856
City_Columbia,1.1300568136635887,0.2877996778730856
City_Shaver Lake,1.1300568136635887,0.2877996778730856
City_Shafter,1.1300568136635887,0.2877996778730856
City_Selma,1.1300568136635887,0.2877996778730856
City_Dana Point,1.1300568136635887,0.2877996778730856
City_Seiad Valley,1.1300568136635887,0.2877996778730856
City_Seaside,1.1300568136635887,0.2877996778730856
City_Crockett,1.1300568136635887,0.2877996778730856
City_Cupertino,1.1300568136635887,0.2877996778730856
City_Bangor,1.1300568136635887,0.2877996778730856
City_Morgan Hill,1.1300568136635887,0.2877996778730856
City_Moraga,1.1300568136635887,0.2877996778730856
City_Moorpark,1.1300568136635887,0.2877996778730856
City_Lake Hughes,1.1300568136635887,0.2877996778730856
City_Lake Forest,1.1300568136635887,0.2877996778730856
City_Coalinga,1.1300568136635887,0.2877996778730856
City_Clearlake Oaks,1.1300568136635887,0.2877996778730856
City_Clearlake,1.1300568136635887,0.2877996778730856
City_San Lucas,1.1300568136635887,0.2877996778730856
City_Rough And Ready,1.1300568136635887,0.2877996778730856
City_Fairfield,1.1300568136635887,0.2877996778730856
City_Snelling,1.1300568136635887,0.2877996778730856
City_Soda Springs,1.1300568136635887,0.2877996778730856
City_Clarksburg,1.1300568136635887,0.2877996778730856
City_Sierraville,1.1300568136635887,0.2877996778730856
City_Sheep Ranch,1.1300568136635887,0.2877996778730856
City_Cotati,1.1300568136635887,0.2877996778730856
City_Lathrop,1.1300568136635887,0.2877996778730856
City_Sloughhouse,1.1300568136635887,0.2877996778730856
City_Larkspur,1.1300568136635887,0.2877996778730856
City_Mojave,1.1300568136635887,0.2877996778730856
City_Mineral,1.1300568136635887,0.2877996778730856
City_Challenge,1.1300568136635887,0.2877996778730856
City_South San Francisco,1.1300568136635887,0.2877996778730856
City_Soulsbyville,1.1300568136635887,0.2877996778730856
City_Somis,1.1300568136635887,0.2877996778730856
City_Silverado,1.1300568136635887,0.2877996778730856
City_Caspar,1.1300568136635887,0.2877996778730856
City_Carnelian Bay,1.1300568136635887,0.2877996778730856
City_Carmichael,1.1300568136635887,0.2877996778730856
City_Strawberry Valley,1.1300568136635887,0.2877996778730856
City_Squaw Valley,1.1300568136635887,0.2877996778730856
City_Lemon Cove,1.1300568136635887,0.2877996778730856
City_Mendocino,1.1300568136635887,0.2877996778730856
City_Los Alamos,1.1300568136635887,0.2877996778730856
City_Loma Mar,1.1300568136635887,0.2877996778730856
City_The Sea Ranch,1.1300568136635887,0.2877996778730856
City_Tecopa,1.1300568136635887,0.2877996778730856
City_Tahoma,1.1300568136635887,0.2877996778730856
City_Tahoe Vista,1.1300568136635887,0.2877996778730856
City_Taft,1.1300568136635887,0.2877996778730856
City_Susanville,1.1300568136635887,0.2877996778730856
City_Castella,1.1300568136635887,0.2877996778730856
City_Lockwood,1.1300568136635887,0.2877996778730856
City_Meadow Vista,1.1300568136635887,0.2877996778730856
City_Mc Kittrick,1.1300568136635887,0.2877996778730856
City_Mckinleyville,1.1300568136635887,0.2877996778730856
City_Martinez,1.1300568136635887,0.2877996778730856
City_Marshall,1.1300568136635887,0.2877996778730856
City_Mariposa,1.1300568136635887,0.2877996778730856
City_Mather,1.1300568136635887,0.2877996778730856
City_Bloomington,1.1300568136635887,0.2877996778730856
City_Big Oak Flat,1.1300568136635887,0.2877996778730856
City_Big Bend,1.1300568136635887,0.2877996778730856
City_Waterford,1.1300568136635887,0.2877996778730856
City_Walnut Grove,1.1300568136635887,0.2877996778730856
City_Vina,1.1300568136635887,0.2877996778730856
City_Trinidad,1.1300568136635887,0.2877996778730856
City_Blue Lake,1.1300568136635887,0.2877996778730856
City_Camp Nelson,1.1300568136635887,0.2877996778730856
City_Travis Afb,1.1300568136635887,0.2877996778730856
City_Trabuco Canyon,1.1300568136635887,0.2877996778730856
City_Tranquillity,1.1300568136635887,0.2877996778730856
City_Thornton,1.1300568136635887,0.2877996778730856
City_Canyon Dam,1.1300568136635887,0.2877996778730856
City_Lucerne Valley,1.1300568136635887,0.2877996778730856
City_Lotus,1.1300568136635887,0.2877996778730856
City_Yosemite National Park,1.1300568136635887,0.2877996778730856
City_Anza,1.1300568136635887,0.2877996778730856
City_Antioch,1.1300568136635887,0.2877996778730856
City_Antelope,1.1300568136635887,0.2877996778730856
City_Vernalis,1.1300568136635887,0.2877996778730856
City_Bradley,1.1300568136635887,0.2877996778730856
City_Adin,1.1300568136635887,0.2877996778730856
City_Branscomb,1.1300568136635887,0.2877996778730856
City_Irvine,1.0862635569045445,0.2973363530089721
Phone Service,1.0042664747920462,0.31631478134317365
Multiple Lines_No phone service,1.004266474791965,0.31631478134319324
City_Concord,0.9885185983532598,0.32013887804714963
City_Palmdale,0.9885185983532598,0.32013887804714963
City_Carlsbad,0.9309263421752831,0.33465546773178667
City_Palm Desert,0.9309263421752831,0.33465546773178667
City_Sherman Oaks,0.9309263421752831,0.33465546773178667
City_Alhambra,0.9309263421752831,0.33465546773178667
City_Buena Park,0.9309263421752831,0.33465546773178667
City_Vacaville,0.8093522893388364,0.368342582113007
City_Castro Valley,0.8093522893388364,0.368342582113007
City_Tustin,0.8093522893388364,0.368342582113007
City_West Sacramento,0.8093522893388364,0.368342582113007
City_Mission Viejo,0.8093522893388364,0.368342582113007
City_Danville,0.8093522893388364,0.368342582113007
City_Citrus Heights,0.8093522893388364,0.368342582113007
City_Frazier Park,0.8093522893388364,0.368342582113007
City_Simi Valley,0.8093522893388364,0.368342582113007
City_Los Altos,0.8093522893388364,0.368342582113007
City_Glendale,0.7336123071782799,0.39174394762611175
City_Sunnyvale,0.6005894358527051,0.43837924262921235
City_Hemet,0.6005894358527051,0.43837924262921235
City_Redding,0.6005894358527051,0.43837924262921235
City_San Francisco,0.5791205507829025,0.44668272818431826
City_Inglewood,0.5498317391916637,0.45841118437213785
City_Chula Vista,0.5498317391916637,0.45841118437213785
City_Santa Monica,0.5498317391916637,0.45841118437213785
Gender,0.5222569018402833,0.46990453909804736
City_Redwood City,0.4986934813141092,0.4800981237662455
City_Vallejo,0.4986934813141092,0.4800981237662455
City_Yorba Linda,0.4936625485005481,0.48232128613876823
City_Napa,0.4936625485005481,0.48232128613876823
City_Lodi,0.4936625485005481,0.48232128613876823
City_Woodland,0.4936625485005481,0.48232128613876823
City_Rancho Cordova,0.4936625485005481,0.48232128613876823
City_Pleasanton,0.4936625485005481,0.48232128613876823
City_Turlock,0.4936625485005481,0.48232128613876823
City_Costa Mesa,0.4936625485005481,0.48232128613876823
City_San Luis Obispo,0.4936625485005481,0.48232128613876823
City_Madera,0.4936625485005481,0.48232128613876823
City_Chino,0.4651017239333082,0.49527171044020224
City_Ocotillo,0.4651017239333082,0.49527171044020224
City_Thermal,0.4651017239333082,0.49527171044020224
City_La Habra,0.4651017239333082,0.49527171044020224
City_Canyon Country,0.4651017239333082,0.49527171044020224
City_Agoura Hills,0.4651017239333082,0.49527171044020224
City_Boulevard,0.4651017239333082,0.49527171044020224
City_Mission Hills,0.4651017239333082,0.49527171044020224
City_Bellflower,0.4651017239333082,0.49527171044020224
City_Avalon,0.4651017239333082,0.49527171044020224
City_Westmorland,0.4651017239333082,0.49527171044020224
City_Vidal,0.4651017239333082,0.49527171044020224
City_Lomita,0.4651017239333082,0.49527171044020224
City_Lawndale,0.4651017239333082,0.49527171044020224
City_Bonsall,0.4651017239333082,0.49527171044020224
City_Borrego Springs,0.4651017239333082,0.49527171044020224
City_Valley Center,0.4651017239333082,0.49527171044020224
City_Bonita,0.4651017239333082,0.49527171044020224
City_Walnut,0.4651017239333082,0.49527171044020224
City_White Water,0.4651017239333082,0.49527171044020224
City_Fallbrook,0.4651017239333082,0.49527171044020224
City_Pico Rivera,0.4651017239333082,0.49527171044020224
City_Jamul,0.4651017239333082,0.49527171044020224
City_Claremont,0.4651017239333082,0.49527171044020224
City_Pala,0.4651017239333082,0.49527171044020224
City_Seal Beach,0.4651017239333082,0.49527171044020224
City_Imperial,0.4651017239333082,0.49527171044020224
City_Santee,0.4651017239333082,0.49527171044020224
City_Stevenson Ranch,0.4651017239333082,0.49527171044020224
City_Castaic,0.4651017239333082,0.49527171044020224
City_Pacoima,0.4651017239333082,0.49527171044020224
City_Coronado,0.4651017239333082,0.49527171044020224
City_Harbor City,0.4651017239333082,0.49527171044020224
City_Santa Clarita,0.4651017239333082,0.49527171044020224
City_Desert Center,0.4651017239333082,0.49527171044020224
City_Reseda,0.4651017239333082,0.49527171044020224
City_Lynwood,0.4651017239333082,0.49527171044020224
City_Angelus Oaks,0.4651017239333082,0.49527171044020224
City_Heber,0.4651017239333082,0.49527171044020224
City_Rancho Mirage,0.4651017239333082,0.49527171044020224
City_Encinitas,0.4651017239333082,0.49527171044020224
City_San Marino,0.4651017239333082,0.49527171044020224
City_Imperial Beach,0.4651017239333082,0.49527171044020224
City_Julian,0.4651017239333082,0.49527171044020224
City_Pacific Palisades,0.4651017239333082,0.49527171044020224
City_Duarte,0.4651017239333082,0.49527171044020224
City_Sunset Beach,0.4651017239333082,0.49527171044020224
City_Tarzana,0.4651017239333082,0.49527171044020224
City_Solana Beach,0.4651017239333082,0.49527171044020224
City_Niland,0.4651017239333082,0.49527171044020224
City_Escondido,0.43954534637499626,0.5073636817448742
City_Garden Grove,0.43954534637499626,0.5073636817448742
City_Salinas,0.43954534637499626,0.5073636817448742
City_Rancho Cucamonga,0.43954534637499626,0.5073636817448742
City_Van Nuys,0.43954534637499626,0.5073636817448742
City_Torrance,0.3839978388231855,0.5354914401774057
City_Pomona,0.3560790789004998,0.5507111053911017
City_Oceanside,0.3560790789004998,0.5507111053911017
City_Sacramento,0.3412011407566189,0.5591554329403411
City_Downey,0.32941932508944594,0.5660195439540063
City_El Cajon,0.32941932508944594,0.5660195439540063
City_West Covina,0.32941932508944594,0.5660195439540063
City_Covina,0.32941932508944594,0.5660195439540063
City_Walnut Creek,0.2847388322488962,0.5936287507669957
City_Mountain View,0.2847388322488962,0.5936287507669957
City_Visalia,0.2847388322488962,0.5936287507669957
City_Richmond,0.2847388322488962,0.5936287507669957
City_Los Gatos,0.2847388322488962,0.5936287507669957
City_Ventura,0.2847388322488962,0.5936287507669957
City_Thousand Oaks,0.219453325785872,0.6394712744217049
City_Spring Valley,0.219453325785872,0.6394712744217049
City_Malibu,0.219453325785872,0.6394712744217049
City_Glendora,0.219453325785872,0.6394712744217049
City_Carson,0.219453325785872,0.6394712744217049
City_Northridge,0.219453325785872,0.6394712744217049
City_San Pedro,0.219453325785872,0.6394712744217049
City_Vista,0.219453325785872,0.6394712744217049
City_Pasadena,0.18528960848945833,0.6668794730932813
City_Newport Beach,0.18267223921243758,0.6690998170711944
City_Moreno Valley,0.18267223921243758,0.6690998170711944
City_Hayward,0.18267223921243758,0.6690998170711944
City_San Mateo,0.18267223921243758,0.6690998170711944
City_Mira Loma,0.10964699993025734,0.7405562336980696
City_Montebello,0.10964699993025734,0.7405562336980696
City_Blythe,0.10964699993025734,0.7405562336980696
City_West Hollywood,0.10964699993025734,0.7405562336980696
City_Adelanto,0.10964699993025734,0.7405562336980696
City_Winnetka,0.10964699993025734,0.7405562336980696
City_Banning,0.10964699993025734,0.7405562336980696
City_Los Alamitos,0.10964699993025734,0.7405562336980696
City_Porter Ranch,0.10964699993025734,0.7405562336980696
City_Ramona,0.10964699993025734,0.7405562336980696
City_San Fernando,0.10964699993025734,0.7405562336980696
City_El Segundo,0.10964699993025734,0.7405562336980696
City_Calipatria,0.10964699993025734,0.7405562336980696
City_Cabazon,0.10964699993025734,0.7405562336980696
City_Calexico,0.10964699993025734,0.7405562336980696
City_Topanga,0.10964699993025734,0.7405562336980696
City_Lakeside,0.10964699993025734,0.7405562336980696
City_Brawley,0.10964699993025734,0.7405562336980696
City_Montrose,0.10964699993025734,0.7405562336980696
City_La Quinta,0.10964699993025734,0.7405562336980696
City_Venice,0.10964699993025734,0.7405562336980696
City_Landers,0.10964699993025734,0.7405562336980696
City_Monrovia,0.10964699993025734,0.7405562336980696
City_Valley Village,0.10964699993025734,0.7405562336980696
City_Westlake Village,0.10964699993025734,0.7405562336980696
City_Montclair,0.10964699993025734,0.7405562336980696
City_Azusa,0.10964699993025734,0.7405562336980696
City_Beaumont,0.10964699993025734,0.7405562336980696
City_Winterhaven,0.10964699993025734,0.7405562336980696
City_La Jolla,0.10964699993025734,0.7405562336980696
City_Newhall,0.10964699993025734,0.7405562336980696
City_Cardiff By The Sea,0.10964699993025734,0.7405562336980696
City_North Hills,0.10964699993025734,0.7405562336980696
City_Thousand Palms,0.10964699993025734,0.7405562336980696
City_La Canada Flintridge,0.10964699993025734,0.7405562336980696
City_Sun Valley,0.10964699993025734,0.7405562336980696
City_Stanton,0.10964699993025734,0.7405562336980696
City_Cerritos,0.10964699993025734,0.7405562336980696
City_Coachella,0.10964699993025734,0.7405562336980696
City_Sierra Madre,0.10964699993025734,0.7405562336980696
City_Amboy,0.10964699993025734,0.7405562336980696
City_Poway,0.10964699993025734,0.7405562336980696
City_Ranchita,0.10964699993025734,0.7405562336980696
City_Granada Hills,0.10964699993025734,0.7405562336980696
City_Hawaiian Gardens,0.10964699993025734,0.7405562336980696
City_Hawthorne,0.10964699993025734,0.7405562336980696
City_South El Monte,0.10964699993025734,0.7405562336980696
City_Chatsworth,0.10964699993025734,0.7405562336980696
City_Joshua Tree,0.10964699993025734,0.7405562336980696
City_Sylmar,0.10964699993025734,0.7405562336980696
City_Sunland,0.10964699993025734,0.7405562336980696
City_Parker Dam,0.10964699993025734,0.7405562336980696
City_Dulzura,0.10964699993025734,0.7405562336980696
City_Paramount,0.10964699993025734,0.7405562336980696
City_El Centro,0.10964699993025734,0.7405562336980696
City_Santa Fe Springs,0.10964699993025734,0.7405562336980696
City_Altadena,0.10964699993025734,0.7405562336980696
City_San Ysidro,0.10964699993025734,0.7405562336980696
City_Hacienda Heights,0.10964699993025734,0.7405562336980696
City_Burbank,0.0828098997152521,0.7735334977636398
City_Fresno,0.07824309665313853,0.7797007985986876
City_Long Beach,0.07331083376986963,0.786583767174143
City_Oakland,0.06346326106004732,0.8011109054000359
City_Valencia,0.061586482543404285,0.8040130232704382
City_Twentynine Palms,0.061586482543404285,0.8040130232704382
City_Desert Hot Springs,0.061586482543404285,0.8040130232704382
City_Palm Springs,0.061586482543404285,0.8040130232704382
City_Indio,0.061586482543404285,0.8040130232704382
City_Canoga Park,0.061586482543404285,0.8040130232704382
City_Culver City,0.061586482543404285,0.8040130232704382
City_San Gabriel,0.061586482543404285,0.8040130232704382
City_San Marcos,0.061586482543404285,0.8040130232704382
City_San Bernardino,0.059667582309299264,0.8070292309650866
City_Berkeley,0.04157139842720145,0.8384448418590567
City_Riverside,0.038942770194966385,0.843567780989057
City_Anaheim,0.034055470532205236,0.8535941898384615
City_Santa Ana,0.029173748008316524,0.8643833863778613
City_San Jose,0.024215005970351863,0.8763435506918954
City_Santa Cruz,0.019426996234592528,0.8891532616892123
City_Palo Alto,0.019426996234592528,0.8891532616892123
City_Huntington Beach,0.019426996234592528,0.8891532616892123
City_Fontana,0.014561947967792699,0.9039535706986729
City_Oxnard,0.014561947967792699,0.9039535706986729
City_Santa Clara,0.014561947967792699,0.9039535706986729
City_Roseville,0.014561947967792699,0.9039535706986729
City_Chico,0.014561947967792699,0.9039535706986729
City_Sun City,0.014561947967792699,0.9039535706986729
City_Stockton,0.012290807044614013,0.9117274228142083
City_Yuba City,0.009702438805806618,0.9215373148840872
City_Clovis,0.009702438805806618,0.9215373148840872
City_Perris,0.009702438805806618,0.9215373148840872
City_Eureka,0.009702438805806618,0.9215373148840872
City_Rialto,0.009702438805806618,0.9215373148840872
City_Oroville,0.009702438805806618,0.9215373148840872
City_Auburn,0.009702438805806618,0.9215373148840872
City_Grass Valley,0.009702438805806618,0.9215373148840872
City_San Jacinto,0.009702438805806618,0.9215373148840872
City_Murrieta,0.009702438805806618,0.9215373148840872
City_Lake Elsinore,0.009702438805806618,0.9215373148840872
City_Victorville,0.009702438805806618,0.9215373148840872
City_Merced,0.009702438805806618,0.9215373148840872
City_Arbuckle,0.004848459294190061,0.9444894361546518
City_Arnold,0.004848459294190061,0.9444894361546518
City_Aromas,0.004848459294190061,0.9444894361546518
City_Alturas,0.004848459294190061,0.9444894361546518
City_Alviso,0.004848459294190061,0.9444894361546518
City_Angwin,0.004848459294190061,0.9444894361546518
City_Annapolis,0.004848459294190061,0.9444894361546518
City_Yorkville,0.004848459294190061,0.9444894361546518
City_Los Osos,0.004848459294190061,0.9444894361546518
City_Zenia,0.004848459294190061,0.9444894361546518
City_Pleasant Hill,0.004848459294190061,0.9444894361546518
City_Point Arena,0.004848459294190061,0.9444894361546518
City_Point Reyes Station,0.004848459294190061,0.9444894361546518
City_Pollock Pines,0.004848459294190061,0.9444894361546518
City_Port Hueneme,0.004848459294190061,0.9444894361546518
City_Porterville,0.004848459294190061,0.9444894361546518
City_Portola,0.004848459294190061,0.9444894361546518
City_Portola Valley,0.004848459294190061,0.9444894361546518
City_Posey,0.004848459294190061,0.9444894361546518
City_Glen Ellen,0.004848459294190061,0.9444894361546518
City_Granite Bay,0.004848459294190061,0.9444894361546518
City_Graton,0.004848459294190061,0.9444894361546518
City_Prather,0.004848459294190061,0.9444894361546518
City_Willows,0.004848459294190061,0.9444894361546518
City_Randsburg,0.004848459294190061,0.9444894361546518
City_Friant,0.004848459294190061,0.9444894361546518
City_Galt,0.004848459294190061,0.9444894361546518
City_Garberville,0.004848459294190061,0.9444894361546518
City_Gasquet,0.004848459294190061,0.9444894361546518
City_Gilroy,0.004848459294190061,0.9444894361546518
City_Ravendale,0.004848459294190061,0.9444894361546518
City_Redway,0.004848459294190061,0.9444894361546518
City_Redwood Valley,0.004848459294190061,0.9444894361546518
City_Rescue,0.004848459294190061,0.9444894361546518
City_Richgrove,0.004848459294190061,0.9444894361546518
City_Forest Knolls,0.004848459294190061,0.9444894361546518
City_Forest Ranch,0.004848459294190061,0.9444894361546518
City_Fowler,0.004848459294190061,0.9444894361546518
City_Yucaipa,0.004848459294190061,0.9444894361546518
City_Greenbrae,0.004848459294190061,0.9444894361546518
City_Greenfield,0.004848459294190061,0.9444894361546518
City_Greenview,0.004848459294190061,0.9444894361546518
City_Gridley,0.004848459294190061,0.9444894361546518
City_Groveland,0.004848459294190061,0.9444894361546518
City_Guadalupe,0.004848459294190061,0.9444894361546518
City_Gualala,0.004848459294190061,0.9444894361546518
City_Guerneville,0.004848459294190061,0.9444894361546518
City_Pine Grove,0.004848459294190061,0.9444894361546518
City_Pioneer,0.004848459294190061,0.9444894361546518
City_Pittsburg,0.004848459294190061,0.9444894361546518
City_Placentia,0.004848459294190061,0.9444894361546518
City_Platina,0.004848459294190061,0.9444894361546518
City_Freedom,0.004848459294190061,0.9444894361546518
City_French Camp,0.004848459294190061,0.9444894361546518
City_Rancho Santa Margarita,0.004848459294190061,0.9444894361546518
City_Rio Nido,0.004848459294190061,0.9444894361546518
City_Rio Oso,0.004848459294190061,0.9444894361546518
City_Rio Vista,0.004848459294190061,0.9444894361546518
City_Riverdale,0.004848459294190061,0.9444894361546518
City_Rohnert Park,0.004848459294190061,0.9444894361546518
City_Rosamond,0.004848459294190061,0.9444894361546518
City_Fawnskin,0.004848459294190061,0.9444894361546518
City_Felton,0.004848459294190061,0.9444894361546518
City_Ferndale,0.004848459294190061,0.9444894361546518
City_Fields Landing,0.004848459294190061,0.9444894361546518
City_Flournoy,0.004848459294190061,0.9444894361546518
City_Forbestown,0.004848459294190061,0.9444894361546518
City_Etna,0.004848459294190061,0.9444894361546518
City_Healdsburg,0.004848459294190061,0.9444894361546518
City_Fall River Mills,0.004848459294190061,0.9444894361546518
City_Farmersville,0.004848459294190061,0.9444894361546518
City_Round Mountain,0.004848459294190061,0.9444894361546518
City_Salida,0.004848459294190061,0.9444894361546518
City_Salyer,0.004848459294190061,0.9444894361546518
City_Samoa,0.004848459294190061,0.9444894361546518
City_El Dorado,0.004848459294190061,0.9444894361546518
City_El Sobrante,0.004848459294190061,0.9444894361546518
City_Elk,0.004848459294190061,0.9444894361546518
City_Elk Creek,0.004848459294190061,0.9444894361546518
City_Emigrant Gap,0.004848459294190061,0.9444894361546518
City_San Bruno,0.004848459294190061,0.9444894361546518
City_Rio Linda,0.004848459294190061,0.9444894361546518
City_San Juan Bautista,0.004848459294190061,0.9444894361546518
City_San Lorenzo,0.004848459294190061,0.9444894361546518
City_Pebble Beach,0.004848459294190061,0.9444894361546518
City_Penryn,0.004848459294190061,0.9444894361546518
City_Pescadero,0.004848459294190061,0.9444894361546518
City_Petrolia,0.004848459294190061,0.9444894361546518
City_Philo,0.004848459294190061,0.9444894361546518
City_Piercy,0.004848459294190061,0.9444894361546518
City_Pilot Hill,0.004848459294190061,0.9444894361546518
City_Gustine,0.004848459294190061,0.9444894361546518
City_Half Moon Bay,0.004848459294190061,0.9444894361546518
City_Hamilton City,0.004848459294190061,0.9444894361546518
City_San Martin,0.004848459294190061,0.9444894361546518
City_San Ramon,0.004848459294190061,0.9444894361546518
City_Ducor,0.004848459294190061,0.9444894361546518
City_Dunlap,0.004848459294190061,0.9444894361546518
City_Dunsmuir,0.004848459294190061,0.9444894361546518
City_Earlimart,0.004848459294190061,0.9444894361546518
City_Echo Lake,0.004848459294190061,0.9444894361546518
City_Edwards,0.004848459294190061,0.9444894361546518
City_Igo,0.004848459294190061,0.9444894361546518
City_Helm,0.004848459294190061,0.9444894361546518
City_Herald,0.004848459294190061,0.9444894361546518
City_Highland,0.004848459294190061,0.9444894361546518
City_Hinkley,0.004848459294190061,0.9444894361546518
City_Hollister,0.004848459294190061,0.9444894361546518
City_Parlier,0.004848459294190061,0.9444894361546518
City_San Joaquin,0.004848459294190061,0.9444894361546518
City_Paynes Creek,0.004848459294190061,0.9444894361546518
City_Sanger,0.004848459294190061,0.9444894361546518
City_Dixon,0.004848459294190061,0.9444894361546518
City_Dorris,0.004848459294190061,0.9444894361546518
City_Downieville,0.004848459294190061,0.9444894361546518
City_Doyle,0.004848459294190061,0.9444894361546518
City_Daggett,0.004848459294190061,0.9444894361546518
City_Davis Creek,0.004848459294190061,0.9444894361546518
City_Denair,0.004848459294190061,0.9444894361546518
City_Cottonwood,0.004848459294190061,0.9444894361546518
City_Covelo,0.004848459294190061,0.9444894361546518
City_Crescent Mills,0.004848459294190061,0.9444894361546518
City_San Pablo,0.004848459294190061,0.9444894361546518
City_Cutler,0.004848459294190061,0.9444894361546518
City_Sequoia National Park,0.004848459294190061,0.9444894361546518
City_Shasta,0.004848459294190061,0.9444894361546518
City_Pacific Grove,0.004848459294190061,0.9444894361546518
City_Palermo,0.004848459294190061,0.9444894361546518
City_Honeydew,0.004848459294190061,0.9444894361546518
City_Hood,0.004848459294190061,0.9444894361546518
City_Hoopa,0.004848459294190061,0.9444894361546518
City_Hopland,0.004848459294190061,0.9444894361546518
City_Hornbrook,0.004848459294190061,0.9444894361546518
City_Idyllwild,0.004848459294190061,0.9444894361546518
City_Shasta Lake,0.004848459294190061,0.9444894361546518
City_Patterson,0.004848459294190061,0.9444894361546518
City_Colusa,0.004848459294190061,0.9444894361546518
City_Cool,0.004848459294190061,0.9444894361546518
City_Corcoran,0.004848459294190061,0.9444894361546518
City_Corning,0.004848459294190061,0.9444894361546518
City_Corte Madera,0.004848459294190061,0.9444894361546518
City_Sheridan,0.004848459294190061,0.9444894361546518
City_Shingletown,0.004848459294190061,0.9444894361546518
City_Shoshone,0.004848459294190061,0.9444894361546518
City_Clayton,0.004848459294190061,0.9444894361546518
City_Clements,0.004848459294190061,0.9444894361546518
City_Clipper Mills,0.004848459294190061,0.9444894361546518
City_Cloverdale,0.004848459294190061,0.9444894361546518
City_Cobb,0.004848459294190061,0.9444894361546518
City_Colfax,0.004848459294190061,0.9444894361546518
City_Crows Landing,0.004848459294190061,0.9444894361546518
City_Solvang,0.004848459294190061,0.9444894361546518
City_Somes Bar,0.004848459294190061,0.9444894361546518
City_Sonoma,0.004848459294190061,0.9444894361546518
City_Cedar Glen,0.004848459294190061,0.9444894361546518
City_Inverness,0.004848459294190061,0.9444894361546518
City_Isleton,0.004848459294190061,0.9444894361546518
City_Ivanhoe,0.004848459294190061,0.9444894361546518
City_Jamestown,0.004848459294190061,0.9444894361546518
City_Ojai,0.004848459294190061,0.9444894361546518
City_Olancha,0.004848459294190061,0.9444894361546518
City_Olema,0.004848459294190061,0.9444894361546518
City_Olivehurst,0.004848459294190061,0.9444894361546518
City_Orinda,0.004848459294190061,0.9444894361546518
City_Orland,0.004848459294190061,0.9444894361546518
City_Oro Grande,0.004848459294190061,0.9444894361546518
City_Colton,0.004848459294190061,0.9444894361546518
City_Los Molinos,0.004848459294190061,0.9444894361546518
City_Chualar,0.004848459294190061,0.9444894361546518
City_Stevinson,0.004848459294190061,0.9444894361546518
City_Stinson Beach,0.004848459294190061,0.9444894361546518
City_Lucerne,0.004848459294190061,0.9444894361546518
City_Stratford,0.004848459294190061,0.9444894361546518
City_Strathmore,0.004848459294190061,0.9444894361546518
City_Carmel Valley,0.004848459294190061,0.9444894361546518
City_Carpinteria,0.004848459294190061,0.9444894361546518
City_Kerman,0.004848459294190061,0.9444894361546518
City_Kernville,0.004848459294190061,0.9444894361546518
City_King City,0.004848459294190061,0.9444894361546518
City_Nubieber,0.004848459294190061,0.9444894361546518
City_Nuevo,0.004848459294190061,0.9444894361546518
City_Oak View,0.004848459294190061,0.9444894361546518
City_Oakhurst,0.004848459294190061,0.9444894361546518
City_Oakley,0.004848459294190061,0.9444894361546518
City_Independence,0.004848459294190061,0.9444894361546518
City_Casmalia,0.004848459294190061,0.9444894361546518
City_Cassel,0.004848459294190061,0.9444894361546518
City_Catheys Valley,0.004848459294190061,0.9444894361546518
City_Sugarloaf,0.004848459294190061,0.9444894361546518
City_Wilton,0.004848459294190061,0.9444894361546518
City_Sunol,0.004848459294190061,0.9444894361546518
City_Sutter,0.004848459294190061,0.9444894361546518
City_Sutter Creek,0.004848459294190061,0.9444894361546518
City_Tahoe City,0.004848459294190061,0.9444894361546518
City_Taylorsville,0.004848459294190061,0.9444894361546518
City_Tehachapi,0.004848459294190061,0.9444894361546518
City_Termo,0.004848459294190061,0.9444894361546518
City_Terra Bella,0.004848459294190061,0.9444894361546518
City_Campo Seco,0.004848459294190061,0.9444894361546518
City_Camptonville,0.004848459294190061,0.9444894361546518
City_Canby,0.004848459294190061,0.9444894361546518
City_Cantua Creek,0.004848459294190061,0.9444894361546518
City_Capistrano Beach,0.004848459294190061,0.9444894361546518
City_Capitola,0.004848459294190061,0.9444894361546518
City_La Grange,0.004848459294190061,0.9444894361546518
City_Newcastle,0.004848459294190061,0.9444894361546518
City_Newman,0.004848459294190061,0.9444894361546518
City_Newport Coast,0.004848459294190061,0.9444894361546518
City_Nicasio,0.004848459294190061,0.9444894361546518
City_Nicolaus,0.004848459294190061,0.9444894361546518
City_Norco,0.004848459294190061,0.9444894361546518
City_North Fork,0.004848459294190061,0.9444894361546518
City_Jenner,0.004848459294190061,0.9444894361546518
City_Carmel,0.004848459294190061,0.9444894361546518
City_Carmel By The Sea,0.004848459294190061,0.9444894361546518
City_Tollhouse,0.004848459294190061,0.9444894361546518
City_Tomales,0.004848459294190061,0.9444894361546518
City_Topaz,0.004848459294190061,0.9444894361546518
City_Traver,0.004848459294190061,0.9444894361546518
City_Caliente,0.004848459294190061,0.9444894361546518
City_California Hot Springs,0.004848459294190061,0.9444894361546518
City_Calimesa,0.004848459294190061,0.9444894361546518
City_Calistoga,0.004848459294190061,0.9444894361546518
City_Callahan,0.004848459294190061,0.9444894361546518
City_Camino,0.004848459294190061,0.9444894361546518
City_Campbell,0.004848459294190061,0.9444894361546518
City_Tulare,0.004848459294190061,0.9444894361546518
City_Tuolumne,0.004848459294190061,0.9444894361546518
City_Ukiah,0.004848459294190061,0.9444894361546518
City_Brisbane,0.004848459294190061,0.9444894361546518
City_Brooks,0.004848459294190061,0.9444894361546518
City_Browns Valley,0.004848459294190061,0.9444894361546518
City_Brownsville,0.004848459294190061,0.9444894361546518
City_Mountain Ranch,0.004848459294190061,0.9444894361546518
City_Murphys,0.004848459294190061,0.9444894361546518
City_Madison,0.004848459294190061,0.9444894361546518
City_Myers Flat,0.004848459294190061,0.9444894361546518
City_Navarro,0.004848459294190061,0.9444894361546518
City_Nevada City,0.004848459294190061,0.9444894361546518
City_New Cuyama,0.004848459294190061,0.9444894361546518
City_Kings Beach,0.004848459294190061,0.9444894361546518
City_Kingsburg,0.004848459294190061,0.9444894361546518
City_Kirkwood,0.004848459294190061,0.9444894361546518
City_Klamath,0.004848459294190061,0.9444894361546518
City_Knights Landing,0.004848459294190061,0.9444894361546518
City_Korbel,0.004848459294190061,0.9444894361546518
City_Kyburz,0.004848459294190061,0.9444894361546518
City_Burnt Ranch,0.004848459294190061,0.9444894361546518
City_Butte City,0.004848459294190061,0.9444894361546518
City_Valley Ford,0.004848459294190061,0.9444894361546518
City_Valley Springs,0.004848459294190061,0.9444894361546518
City_Valyermo,0.004848459294190061,0.9444894361546518
City_Bodega Bay,0.004848459294190061,0.9444894361546518
City_Bolinas,0.004848459294190061,0.9444894361546518
City_Lakehead,0.004848459294190061,0.9444894361546518
City_Lakeport,0.004848459294190061,0.9444894361546518
City_Laytonville,0.004848459294190061,0.9444894361546518
City_Lebec,0.004848459294190061,0.9444894361546518
City_Ladera Ranch,0.004848459294190061,0.9444894361546518
City_Lafayette,0.004848459294190061,0.9444894361546518
City_Laguna Beach,0.004848459294190061,0.9444894361546518
City_Maxwell,0.004848459294190061,0.9444894361546518
City_Morro Bay,0.004848459294190061,0.9444894361546518
City_Moss Landing,0.004848459294190061,0.9444894361546518
City_Boron,0.004848459294190061,0.9444894361546518
City_Mcarthur,0.004848459294190061,0.9444894361546518
City_Wallace,0.004848459294190061,0.9444894361546518
City_Wasco,0.004848459294190061,0.9444894361546518
City_Watsonville,0.004848459294190061,0.9444894361546518
City_Big Creek,0.004848459294190061,0.9444894361546518
City_Lee Vining,0.004848459294190061,0.9444894361546518
City_Lemoore,0.004848459294190061,0.9444894361546518
City_Likely,0.004848459294190061,0.9444894361546518
City_Linden,0.004848459294190061,0.9444894361546518
City_Lindsay,0.004848459294190061,0.9444894361546518
City_Live Oak,0.004848459294190061,0.9444894361546518
City_Livermore,0.004848459294190061,0.9444894361546518
City_Livingston,0.004848459294190061,0.9444894361546518
City_Milpitas,0.004848459294190061,0.9444894361546518
City_Miramonte,0.004848459294190061,0.9444894361546518
City_Big Pine,0.004848459294190061,0.9444894361546518
City_Big Sur,0.004848459294190061,0.9444894361546518
City_Birds Landing,0.004848459294190061,0.9444894361546518
City_Blairsden Graeagle,0.004848459294190061,0.9444894361546518
City_Weimar,0.004848459294190061,0.9444894361546518
City_Wendel,0.004848459294190061,0.9444894361546518
City_West Point,0.004848459294190061,0.9444894361546518
City_Westport,0.004848459294190061,0.9444894361546518
City_Bella Vista,0.004848459294190061,0.9444894361546518
City_Belmont,0.004848459294190061,0.9444894361546518
City_Ben Lomond,0.004848459294190061,0.9444894361546518
City_Benton,0.004848459294190061,0.9444894361546518
City_Meadow Valley,0.004848459294190061,0.9444894361546518
City_Bieber,0.004848459294190061,0.9444894361546518
City_Whitmore,0.004848459294190061,0.9444894361546518
City_Mill Valley,0.004848459294190061,0.9444894361546518
City_Avery,0.004848459294190061,0.9444894361546518
City_Badger,0.004848459294190061,0.9444894361546518
City_Baker,0.004848459294190061,0.9444894361546518
City_Ballico,0.004848459294190061,0.9444894361546518
City_Loleta,0.004848459294190061,0.9444894361546518
City_Lone Pine,0.004848459294190061,0.9444894361546518
City_Long Barn,0.004848459294190061,0.9444894361546518
City_Loomis,0.004848459294190061,0.9444894361546518
City_Mendota,0.004848459294190061,0.9444894361546518
City_Mentone,0.004848459294190061,0.9444894361546518
City_Lockeford,0.004848459294190061,0.9444894361546518
City_Mi Wuk Village,0.004848459294190061,0.9444894361546518
City_Midway City,0.004848459294190061,0.9444894361546518
City_Mill Creek,0.004848459294190061,0.9444894361546518
City_Aguanga,0.004848459294190061,0.9444894361546518
City_Lytle Creek,0.004848459294190061,0.9444894361546518
City_Millbrae,0.004848459294190061,0.9444894361546518
City_Barstow,0.004848459294190061,0.9444894361546518
City_Bass Lake,0.004848459294190061,0.9444894361546518
City_Beale Afb,0.004848459294190061,0.9444894361546518
City_Winton,0.004848459294190061,0.9444894361546518
City_Witter Springs,0.004848459294190061,0.9444894361546518
City_Wofford Heights,0.004848459294190061,0.9444894361546518
City_Woodacre,0.004848459294190061,0.9444894361546518
City_Woodbridge,0.004848459294190061,0.9444894361546518
City_Yermo,0.004848459294190061,0.9444894361546518
City_Applegate,0.004848459294190061,0.9444894361546518
City_Aptos,0.004848459294190061,0.9444894361546518
City_Alderpoint,0.004848459294190061,0.9444894361546518
City_Ahwahnee,0.004848459294190061,0.9444894361546518
City_Magalia,0.004848459294190061,0.9444894361546518
City_Ontario,0.00012963335141165242,0.9909160730865977
